[
  { "Id": 1,
    "Test": "read_tomcat",
    "Number Of Users": 200,
    "Total Number Of Req": 2000,
    "Total RPS": 131.6,
    "Request Distribution": [
      {"name": "GET /editor/post?action=open", "98%": 30}
    ]
  },
  { "Id": 2,
    "Test": "write_tomcat",
    "Number Of Users": 200,
    "Total Number Of Req": 2000,
    "Total RPS": 90.8,
    "Request Distribution": [
      {"name": "POST /editor/post?action=save", "98%": 1600}
    ]
  },
  { "Id": 4,
    "Test": "read_node",
    "Number Of Users": 200,
    "Total Number Of Req": 2000,
    "Total RPS": 131.4,
    "Request Distribution": [
      {"name": "GET /blog/cs144", "98%": 51}
    ]
  },
  { "Id": 5,
    "Test": "write_node",
    "Number Of Users": 200,
    "Total Number Of Req": 2000,
    "Total RPS": 131.7,
    "Request Distribution": [
      {"name": "PUT /api/cs144 (update)", "98%": 270}
    ]
  }
]
